{"cameraMode":{"drawMode":0,"name":"Shaded","section":"Shading Mode"},"sceneLighting":false,"audioPlay":false,"sceneViewState":{"showFog":true,"showMaterialUpdate":false,"showSkybox":true,"showFlares":true,"showImageEffects":true,"showParticleSystems":true},"in2DMode":false,"pivot":{"x":452.38751220703127,"y":299.45001220703127,"z":0.32999998331069949},"rotation":{"x":0.044602710753679278,"y":0.4438408315181732,"z":-0.02212584763765335,"w":0.8947218656539917},"size":1791.1080322265625,"orthographic":false}