{"cameraMode":{"drawMode":0,"name":"Shaded","section":"Shading Mode"},"sceneLighting":false,"audioPlay":false,"sceneViewState":{"showFog":true,"showMaterialUpdate":false,"showSkybox":true,"showFlares":true,"showImageEffects":true,"showParticleSystems":true},"in2DMode":false,"pivot":{"x":29.786001205444337,"y":1.6449999809265137,"z":12.97599983215332},"rotation":{"x":-0.01301998645067215,"y":0.46305954456329348,"z":0.006802814546972513,"w":0.8862167596817017},"size":5.7157673835754398,"orthographic":false}