{"cameraMode":{"drawMode":0,"name":"Shaded","section":"Shading Mode"},"sceneLighting":false,"audioPlay":false,"sceneViewState":{"showFog":true,"showMaterialUpdate":false,"showSkybox":true,"showFlares":true,"showImageEffects":true,"showParticleSystems":true},"in2DMode":false,"pivot":{"x":1.897761583328247,"y":0.6915484666824341,"z":2.146343469619751},"rotation":{"x":0.12595388293266297,"y":-0.019346436485648156,"z":0.0024756016209721567,"w":0.9918794631958008},"size":5.200103759765625,"orthographic":false}